02.04.2020 15:33:41,0
02.04.2020 15:33:56,27
02.04.2020 15:41:22,0
02.04.2020 15:41:37,27
02.04.2020 15:41:52,27
02.04.2020 15:42:07,26
02.04.2020 15:42:22,22
02.04.2020 15:42:37,14
02.04.2020 15:42:52,14
02.04.2020 15:43:07,9
02.04.2020 15:43:22,21
02.04.2020 15:43:37,25
02.04.2020 15:43:52,24
02.04.2020 15:44:07,25
02.04.2020 15:44:22,26
02.04.2020 15:44:37,25
02.04.2020 15:44:52,26
02.04.2020 15:45:07,29
02.04.2020 15:45:22,30
02.04.2020 15:45:37,41
02.04.2020 15:45:52,22
02.04.2020 15:46:07,27
02.04.2020 15:46:22,31
02.04.2020 15:46:37,38
02.04.2020 15:46:52,57
02.04.2020 15:47:07,43
02.04.2020 15:47:22,45
02.04.2020 15:47:37,42
02.04.2020 15:47:52,42
02.04.2020 15:48:07,44
02.04.2020 15:48:22,46
02.04.2020 15:48:37,59
02.04.2020 15:48:52,67
02.04.2020 15:49:07,67
02.04.2020 15:49:22,66
02.04.2020 15:49:37,68
02.04.2020 15:49:52,67
02.04.2020 15:50:07,67
02.04.2020 15:50:22,64
02.04.2020 15:50:37,64
02.04.2020 15:50:52,68
02.04.2020 15:51:07,67
02.04.2020 15:51:22,69
02.04.2020 15:51:37,67
02.04.2020 15:51:52,60
02.04.2020 15:52:07,53
02.04.2020 15:52:22,55
02.04.2020 15:52:37,57
02.04.2020 15:52:52,54
02.04.2020 15:53:07,65
02.04.2020 15:53:22,68
02.04.2020 15:53:37,68
02.04.2020 15:53:52,64
02.04.2020 15:54:07,62
02.04.2020 15:54:22,65
02.04.2020 15:54:37,65
02.04.2020 15:54:52,65
02.04.2020 15:55:07,68
02.04.2020 15:55:22,67
02.04.2020 15:55:37,67
02.04.2020 15:55:52,69
02.04.2020 15:56:07,67
02.04.2020 15:56:22,68
02.04.2020 15:56:37,66
02.04.2020 15:56:52,68
02.04.2020 15:57:07,70
02.04.2020 15:57:22,67
02.04.2020 15:57:37,70
02.04.2020 15:57:52,69
02.04.2020 15:58:07,69
02.04.2020 15:58:22,69
02.04.2020 15:58:37,71
02.04.2020 15:58:52,70
02.04.2020 15:59:07,68
02.04.2020 15:59:22,71
02.04.2020 15:59:37,64
02.04.2020 15:59:52,57
02.04.2020 16:00:08,69
02.04.2020 16:00:23,70
02.04.2020 16:00:38,70
02.04.2020 16:00:53,68
02.04.2020 16:01:08,68
02.04.2020 16:01:23,58
02.04.2020 16:01:38,58
02.04.2020 16:01:53,61
02.04.2020 16:02:08,61
02.04.2020 16:02:23,65
02.04.2020 16:02:38,65
02.04.2020 16:02:53,64
02.04.2020 16:03:08,68
02.04.2020 16:03:23,62
02.04.2020 16:03:38,66
02.04.2020 16:03:53,62
02.04.2020 16:04:08,58
02.04.2020 16:04:23,54
02.04.2020 16:04:38,59
02.04.2020 16:04:53,67
02.04.2020 16:05:08,71
02.04.2020 16:05:23,70
02.04.2020 16:05:38,70
02.04.2020 16:05:53,71
02.04.2020 16:06:08,45
02.04.2020 16:06:23,55
02.04.2020 16:06:38,64
02.04.2020 16:06:53,72
02.04.2020 16:07:08,69
02.04.2020 16:07:23,64
02.04.2020 16:07:38,69
02.04.2020 16:07:53,72
02.04.2020 16:08:08,49
02.04.2020 16:08:23,44
02.04.2020 16:08:38,51
02.04.2020 16:08:53,48
02.04.2020 16:09:08,48
02.04.2020 16:09:23,54
02.04.2020 16:09:38,52
02.04.2020 16:09:53,50
02.04.2020 16:10:08,62
02.04.2020 16:10:23,70
02.04.2020 16:10:38,56
02.04.2020 16:10:53,52
02.04.2020 16:11:08,48
02.04.2020 16:11:23,52
02.04.2020 16:11:38,57
02.04.2020 16:11:53,62
02.04.2020 16:12:08,52
02.04.2020 16:12:23,50
02.04.2020 16:12:38,65
02.04.2020 16:12:53,53
02.04.2020 16:13:08,47
02.04.2020 16:13:23,44
02.04.2020 16:13:38,53
02.04.2020 16:13:53,47
02.04.2020 16:14:08,58
02.04.2020 16:14:23,64
02.04.2020 16:14:38,56
02.04.2020 16:14:53,27
02.04.2020 16:15:08,43
02.04.2020 16:15:23,50
02.04.2020 16:15:38,30
02.04.2020 16:15:53,34
02.04.2020 16:16:08,38
02.04.2020 16:16:23,52
02.04.2020 16:16:38,51
02.04.2020 16:16:53,52
02.04.2020 16:17:08,51
02.04.2020 16:17:23,49
02.04.2020 16:17:38,50
02.04.2020 16:17:53,51
02.04.2020 16:18:08,49
02.04.2020 16:18:23,48
02.04.2020 16:18:38,50
02.04.2020 16:18:53,49
02.04.2020 16:19:08,51
02.04.2020 16:19:23,50
02.04.2020 16:19:38,50
02.04.2020 16:19:53,51
02.04.2020 16:20:08,49
02.04.2020 16:20:23,49
02.04.2020 16:20:38,50
02.04.2020 16:20:53,49
02.04.2020 16:21:08,52
02.04.2020 16:21:23,49
02.04.2020 16:21:38,49
02.04.2020 16:21:53,51
02.04.2020 16:22:08,47
02.04.2020 16:22:23,49
02.04.2020 16:22:38,49
02.04.2020 16:22:53,49
02.04.2020 16:23:08,49
02.04.2020 16:23:23,48
02.04.2020 16:23:38,50
02.04.2020 16:23:53,51
02.04.2020 16:24:08,49
02.04.2020 16:24:23,48
02.04.2020 16:24:38,49
02.04.2020 16:24:53,47
02.04.2020 16:25:08,49
02.04.2020 16:25:23,49
02.04.2020 16:25:38,51
02.04.2020 16:25:53,50
02.04.2020 16:26:08,47
02.04.2020 16:26:23,50
02.04.2020 16:26:38,50
02.04.2020 16:26:53,51
02.04.2020 16:27:08,51
02.04.2020 16:27:23,51
02.04.2020 16:27:38,51
02.04.2020 16:27:53,52
02.04.2020 16:28:08,49
02.04.2020 16:28:23,51
02.04.2020 16:28:38,52
02.04.2020 16:28:53,51
02.04.2020 16:29:08,50
02.04.2020 16:29:23,47
02.04.2020 16:29:38,49
02.04.2020 16:29:53,49
02.04.2020 16:30:08,50
02.04.2020 16:30:23,50
02.04.2020 16:30:38,48
02.04.2020 16:30:53,49
02.04.2020 16:31:08,50
02.04.2020 16:31:23,49
02.04.2020 16:31:38,50
02.04.2020 16:31:53,50
02.04.2020 16:32:08,49
02.04.2020 16:32:23,48
02.04.2020 16:32:38,49
02.04.2020 16:32:53,50
02.04.2020 16:33:08,50
02.04.2020 16:33:23,51
02.04.2020 16:33:38,50
02.04.2020 16:33:53,49
02.04.2020 16:34:08,50
02.04.2020 16:34:23,48
02.04.2020 16:34:38,48
02.04.2020 16:34:53,50
02.04.2020 16:35:08,51
02.04.2020 16:35:23,49
02.04.2020 16:35:38,50
02.04.2020 16:35:53,50
02.04.2020 16:36:08,51
02.04.2020 16:36:23,55
02.04.2020 16:36:38,61
02.04.2020 16:36:53,55
02.04.2020 16:37:08,49
02.04.2020 16:37:23,49
02.04.2020 16:37:38,51
02.04.2020 16:37:53,49
02.04.2020 16:38:08,50
02.04.2020 16:38:23,50
02.04.2020 16:38:38,49
02.04.2020 16:38:53,50
02.04.2020 16:39:08,50
02.04.2020 16:39:23,49
02.04.2020 16:39:38,51
02.04.2020 16:39:53,52
02.04.2020 16:40:08,51
02.04.2020 16:40:23,50
02.04.2020 16:40:38,48
02.04.2020 16:40:53,48
02.04.2020 16:41:08,50
02.04.2020 16:41:23,48
02.04.2020 16:41:38,50
02.04.2020 16:41:53,54
02.04.2020 16:42:08,62
02.04.2020 16:42:23,67
02.04.2020 16:42:38,71
02.04.2020 16:42:53,74
02.04.2020 16:43:08,69
02.04.2020 16:43:23,69
02.04.2020 16:43:38,66
02.04.2020 16:43:53,66
02.04.2020 16:44:08,68
02.04.2020 16:44:23,66
02.04.2020 16:44:38,69
02.04.2020 16:44:53,66
02.04.2020 16:45:08,68
02.04.2020 16:45:23,69
02.04.2020 16:45:38,74
02.04.2020 16:45:53,70
02.04.2020 16:46:08,36
02.04.2020 16:46:23,50
02.04.2020 16:46:38,56
02.04.2020 16:46:53,50
02.04.2020 16:47:08,48
02.04.2020 16:47:23,55
02.04.2020 16:47:38,35
02.04.2020 16:47:53,52
02.04.2020 16:48:08,47
02.04.2020 16:48:23,24
02.04.2020 16:48:38,28
02.04.2020 16:48:53,23
02.04.2020 16:49:08,22
02.04.2020 16:49:23,30
02.04.2020 16:49:38,28
02.04.2020 16:49:53,40
02.04.2020 16:50:08,36
02.04.2020 16:50:23,18
02.04.2020 16:50:38,17
02.04.2020 16:50:53,23
02.04.2020 16:51:08,21
02.04.2020 16:51:23,31
02.04.2020 16:51:38,31
02.04.2020 16:51:53,27
02.04.2020 16:52:08,24
02.04.2020 16:52:23,21
02.04.2020 16:52:38,20
02.04.2020 16:52:53,20
02.04.2020 16:53:08,19
02.04.2020 16:53:23,20
02.04.2020 16:53:38,23
02.04.2020 16:53:53,22
02.04.2020 16:54:08,24
02.04.2020 16:54:23,21
02.04.2020 16:54:38,19
02.04.2020 16:54:53,18
02.04.2020 16:55:08,17
02.04.2020 16:55:23,19
02.04.2020 16:55:38,20
02.04.2020 16:55:53,18
02.04.2020 16:56:08,20
02.04.2020 16:56:23,25
02.04.2020 16:56:38,22
02.04.2020 16:56:53,27
02.04.2020 16:57:08,29
02.04.2020 16:57:23,19
02.04.2020 16:57:38,10
02.04.2020 16:57:53,22
02.04.2020 16:58:08,17
02.04.2020 16:58:23,32
02.04.2020 16:58:38,18
02.04.2020 16:58:53,18
02.04.2020 16:59:08,22
02.04.2020 16:59:23,24
02.04.2020 16:59:38,37
02.04.2020 16:59:53,27
02.04.2020 17:00:08,24
02.04.2020 17:00:23,26
02.04.2020 17:00:38,25
02.04.2020 17:00:53,23
02.04.2020 17:01:08,30
02.04.2020 17:01:23,29
02.04.2020 17:01:38,28
02.04.2020 17:01:53,39
02.04.2020 17:02:08,30
02.04.2020 17:02:23,25
02.04.2020 17:02:38,28
02.04.2020 17:02:53,28
02.04.2020 17:03:08,36
02.04.2020 17:03:23,31
02.04.2020 17:03:38,33
02.04.2020 17:03:53,31
02.04.2020 17:04:08,25
02.04.2020 17:04:23,29
02.04.2020 17:04:38,28
02.04.2020 17:04:53,33
02.04.2020 17:05:08,42
02.04.2020 17:05:23,42
02.04.2020 17:05:38,45
02.04.2020 17:05:53,42
02.04.2020 17:06:08,41
02.04.2020 17:06:23,48
02.04.2020 17:06:38,36
02.04.2020 17:06:53,39
02.04.2020 17:07:08,46
02.04.2020 17:07:23,45
02.04.2020 17:07:38,44
02.04.2020 17:07:53,53
02.04.2020 17:08:08,38
02.04.2020 17:08:23,34
02.04.2020 17:08:38,29
02.04.2020 17:08:53,39
02.04.2020 17:09:08,40
02.04.2020 17:09:23,44
02.04.2020 17:09:38,48
02.04.2020 17:09:53,46
02.04.2020 17:10:08,45
02.04.2020 17:10:23,40
02.04.2020 17:10:38,40
02.04.2020 17:10:53,39
02.04.2020 17:11:08,41
02.04.2020 17:11:23,42
02.04.2020 17:11:38,39
02.04.2020 17:11:53,38
02.04.2020 17:12:08,41
02.04.2020 17:12:23,39
02.04.2020 17:12:38,38
02.04.2020 17:12:53,38
02.04.2020 17:13:08,39
02.04.2020 17:13:23,35
02.04.2020 17:13:38,36
02.04.2020 17:13:53,37
02.04.2020 17:14:08,41
02.04.2020 17:14:23,44
02.04.2020 17:14:38,48
02.04.2020 17:14:53,43
02.04.2020 17:15:08,39
02.04.2020 17:15:23,43
02.04.2020 17:15:38,44
02.04.2020 17:15:53,43
02.04.2020 17:16:08,37
02.04.2020 17:16:23,38
02.04.2020 17:16:38,44
02.04.2020 17:16:53,40
02.04.2020 17:17:08,40
02.04.2020 17:17:23,33
02.04.2020 17:17:38,37
02.04.2020 17:17:53,43
02.04.2020 17:18:08,38
02.04.2020 17:18:23,39
02.04.2020 17:18:38,40
02.04.2020 17:18:53,38
02.04.2020 17:19:08,40
02.04.2020 17:19:23,39
02.04.2020 17:19:38,42
02.04.2020 17:19:53,45
02.04.2020 17:20:08,41
02.04.2020 17:20:23,40
02.04.2020 17:20:38,40
02.04.2020 17:20:53,41
02.04.2020 17:21:08,43
02.04.2020 17:21:23,39
02.04.2020 17:21:38,38
02.04.2020 17:21:53,38
02.04.2020 17:22:08,39
02.04.2020 17:22:23,37
02.04.2020 17:22:38,40
02.04.2020 17:22:53,40
02.04.2020 17:23:08,37
02.04.2020 17:23:23,40
02.04.2020 17:23:38,39
02.04.2020 17:23:53,42
02.04.2020 17:24:08,44
02.04.2020 17:24:23,38
02.04.2020 17:24:38,39
02.04.2020 17:24:53,40
02.04.2020 17:25:08,38
02.04.2020 17:25:23,37
02.04.2020 17:25:38,38
02.04.2020 17:25:53,37
02.04.2020 17:26:08,40
02.04.2020 17:26:23,34
02.04.2020 17:26:38,38
02.04.2020 17:26:53,40
02.04.2020 17:27:08,36
02.04.2020 17:27:23,39
02.04.2020 17:27:38,36
02.04.2020 17:27:53,43
02.04.2020 17:28:08,38
02.04.2020 17:28:23,37
02.04.2020 17:28:38,39
02.04.2020 17:28:53,39
02.04.2020 17:29:08,39
02.04.2020 17:29:23,36
02.04.2020 17:29:38,37
02.04.2020 17:29:53,36
02.04.2020 17:30:08,35
02.04.2020 17:30:23,38
02.04.2020 17:30:38,33
02.04.2020 17:30:53,40
02.04.2020 17:31:08,41
02.04.2020 17:31:23,43
02.04.2020 17:31:38,39
02.04.2020 17:31:53,38
02.04.2020 17:32:08,38
02.04.2020 17:32:23,41
02.04.2020 17:32:38,34
02.04.2020 17:32:53,41
02.04.2020 17:33:08,39
02.04.2020 17:33:23,48
02.04.2020 17:33:38,52
02.04.2020 17:33:53,37
02.04.2020 17:34:08,40
02.04.2020 17:34:23,28
02.04.2020 17:34:38,26
02.04.2020 17:34:53,23
02.04.2020 17:35:08,22
02.04.2020 17:35:23,21
02.04.2020 17:35:38,23
02.04.2020 17:35:53,23
02.04.2020 17:36:08,22
02.04.2020 17:36:23,25
02.04.2020 17:36:38,22
02.04.2020 17:36:53,15
02.04.2020 17:37:08,23
02.04.2020 17:37:23,17
02.04.2020 17:37:38,23
02.04.2020 17:37:53,25
02.04.2020 17:38:08,23
02.04.2020 17:38:23,16
02.04.2020 17:38:38,21
02.04.2020 17:38:53,18
02.04.2020 17:39:08,28
02.04.2020 17:39:23,22
02.04.2020 17:39:38,13
02.04.2020 17:39:53,13
02.04.2020 17:40:08,13
02.04.2020 17:40:23,11
02.04.2020 17:40:38,14
02.04.2020 17:40:53,14
02.04.2020 17:41:08,13
02.04.2020 17:41:23,14
02.04.2020 17:41:38,19
02.04.2020 17:41:53,17
02.04.2020 17:42:08,23
02.04.2020 17:42:23,28
02.04.2020 17:42:38,25
02.04.2020 17:42:53,29
02.04.2020 17:43:08,22
02.04.2020 17:43:23,19
02.04.2020 17:43:38,13
02.04.2020 17:43:53,19
02.04.2020 17:44:08,26
02.04.2020 17:44:23,23
02.04.2020 17:44:38,25
02.04.2020 17:44:53,20
02.04.2020 17:45:08,21
02.04.2020 17:45:23,22
02.04.2020 17:45:38,23
02.04.2020 17:45:53,30
02.04.2020 17:46:08,33
02.04.2020 17:46:23,38
02.04.2020 17:46:38,40
02.04.2020 17:46:53,40
02.04.2020 17:47:08,42
02.04.2020 17:47:23,41
02.04.2020 17:47:38,38
02.04.2020 17:47:53,43
02.04.2020 17:48:08,39
02.04.2020 17:48:23,35
02.04.2020 17:48:38,39
02.04.2020 17:48:53,40
02.04.2020 17:49:08,35
02.04.2020 17:49:23,39
02.04.2020 17:49:38,40
02.04.2020 17:49:53,42
02.04.2020 17:50:08,40
02.04.2020 17:50:23,36
02.04.2020 17:50:38,41
02.04.2020 17:50:53,36
02.04.2020 17:51:08,45
02.04.2020 17:51:23,37
02.04.2020 17:51:38,42
02.04.2020 17:51:53,42
02.04.2020 17:52:08,41
02.04.2020 17:52:23,40
02.04.2020 17:52:38,41
02.04.2020 17:52:53,41
02.04.2020 17:53:08,38
02.04.2020 17:53:23,38
02.04.2020 17:53:38,41
02.04.2020 17:53:53,40
02.04.2020 17:54:08,41
02.04.2020 17:54:23,41
02.04.2020 17:54:38,44
02.04.2020 17:54:53,39
02.04.2020 17:55:08,40
02.04.2020 17:55:23,38
02.04.2020 17:55:38,38
02.04.2020 17:55:53,39
02.04.2020 17:56:08,41
02.04.2020 17:56:23,42
02.04.2020 17:56:38,38
02.04.2020 17:56:53,38
02.04.2020 17:57:08,39
02.04.2020 17:57:23,41
02.04.2020 17:57:38,39
02.04.2020 17:57:53,43
02.04.2020 17:58:08,41
02.04.2020 17:58:23,40
02.04.2020 17:58:38,41
02.04.2020 17:58:53,37
02.04.2020 17:59:08,41
02.04.2020 17:59:23,39
02.04.2020 17:59:38,44
02.04.2020 17:59:53,39
02.04.2020 18:00:08,42
02.04.2020 18:00:23,39
02.04.2020 18:00:38,40
02.04.2020 18:00:53,40
02.04.2020 18:01:08,41
02.04.2020 18:01:23,43
02.04.2020 18:01:38,43
02.04.2020 18:01:53,41
02.04.2020 18:02:08,38
02.04.2020 18:02:23,40
02.04.2020 18:02:38,39
02.04.2020 18:02:53,40
02.04.2020 18:03:08,40
02.04.2020 18:03:23,40
02.04.2020 18:03:38,38
02.04.2020 18:03:53,40
02.04.2020 18:04:08,42
02.04.2020 18:04:23,42
02.04.2020 18:04:38,42
02.04.2020 18:04:53,43
02.04.2020 18:05:08,39
02.04.2020 18:05:23,42
02.04.2020 18:05:38,39
02.04.2020 18:05:53,37
02.04.2020 18:06:08,44
02.04.2020 18:06:23,35
02.04.2020 18:06:38,40
02.04.2020 18:06:53,41
02.04.2020 18:07:08,44
02.04.2020 18:07:23,41
02.04.2020 18:07:38,38
02.04.2020 18:07:53,42
02.04.2020 18:08:08,41
02.04.2020 18:08:23,41
02.04.2020 18:08:38,41
02.04.2020 18:08:53,37
02.04.2020 18:09:08,39
02.04.2020 18:09:23,37
02.04.2020 18:09:38,36
02.04.2020 18:09:53,36
02.04.2020 18:10:08,41
02.04.2020 18:10:23,40
02.04.2020 18:10:38,39
02.04.2020 18:10:53,40
02.04.2020 18:11:08,37
02.04.2020 18:11:23,36
02.04.2020 18:11:38,39
02.04.2020 18:11:53,40
02.04.2020 18:12:08,39
02.04.2020 18:12:23,40
02.04.2020 18:12:38,40
02.04.2020 18:12:53,41
02.04.2020 18:13:08,40
02.04.2020 18:13:23,37
02.04.2020 18:13:38,37
02.04.2020 18:13:53,40
02.04.2020 18:14:08,39
02.04.2020 18:14:23,41
02.04.2020 18:14:38,43
02.04.2020 18:14:53,39
02.04.2020 18:15:08,41
02.04.2020 18:15:23,39
02.04.2020 18:15:38,42
02.04.2020 18:15:53,43
02.04.2020 18:16:08,43
02.04.2020 18:16:23,40
02.04.2020 18:16:38,40
02.04.2020 18:16:53,40
02.04.2020 18:17:08,38
02.04.2020 18:17:23,42
02.04.2020 18:17:38,40
02.04.2020 18:17:54,42
02.04.2020 18:18:09,43
02.04.2020 18:18:24,41
02.04.2020 18:18:39,35
02.04.2020 18:18:54,39
02.04.2020 18:19:09,39
02.04.2020 18:19:24,37
02.04.2020 18:19:39,39
02.04.2020 18:19:54,40
02.04.2020 18:20:09,44
02.04.2020 18:20:24,38
02.04.2020 18:20:39,40
02.04.2020 18:20:54,39
02.04.2020 18:21:09,55
02.04.2020 18:21:24,40
02.04.2020 18:21:39,43
02.04.2020 18:21:54,40
02.04.2020 18:22:09,38
02.04.2020 18:22:24,37
02.04.2020 18:22:39,43
02.04.2020 18:22:54,46
02.04.2020 18:23:09,43
02.04.2020 18:23:24,39
02.04.2020 18:23:39,39
02.04.2020 18:23:54,39
02.04.2020 18:24:09,41
02.04.2020 18:24:24,41
02.04.2020 18:24:39,38
02.04.2020 18:24:54,39
02.04.2020 18:25:09,42
02.04.2020 18:25:24,39
02.04.2020 18:25:39,39
02.04.2020 18:25:54,39
02.04.2020 18:26:09,40
02.04.2020 18:26:24,38
02.04.2020 18:26:39,37
02.04.2020 18:26:54,39
02.04.2020 18:27:09,40
02.04.2020 18:27:24,40
02.04.2020 18:27:39,41
02.04.2020 18:27:54,39
02.04.2020 18:28:09,42
02.04.2020 18:28:24,44
02.04.2020 18:28:39,39
02.04.2020 18:28:54,37
02.04.2020 18:29:09,12
02.04.2020 18:29:24,20
02.04.2020 18:29:39,17
02.04.2020 18:29:54,9
02.04.2020 18:30:09,9
02.04.2020 18:30:24,19
02.04.2020 18:30:39,20
02.04.2020 18:30:54,19
02.04.2020 18:31:09,24
02.04.2020 18:31:24,25
02.04.2020 18:31:39,27
02.04.2020 18:31:54,4
02.04.2020 18:32:09,26
02.04.2020 18:32:24,26
02.04.2020 18:32:39,12
02.04.2020 18:32:54,13
02.04.2020 18:33:09,13
02.04.2020 18:33:24,13
02.04.2020 18:33:39,16
02.04.2020 18:33:54,21
02.04.2020 18:34:09,16
02.04.2020 18:34:24,15
02.04.2020 18:34:39,15
02.04.2020 18:34:54,2
02.04.2020 18:35:09,8
02.04.2020 18:35:24,11
02.04.2020 18:35:39,13
02.04.2020 18:35:54,15
02.04.2020 18:36:09,16
02.04.2020 18:36:24,10
02.04.2020 18:36:39,17
02.04.2020 18:36:54,63
02.04.2020 18:37:09,54
02.04.2020 18:37:24,35
02.04.2020 18:37:39,41
02.04.2020 18:37:54,57
02.04.2020 18:38:09,55
02.04.2020 18:38:24,59
02.04.2020 18:38:39,69
02.04.2020 18:38:54,59
02.04.2020 18:39:09,61
02.04.2020 18:39:24,61
02.04.2020 18:39:39,61
02.04.2020 18:39:54,62
02.04.2020 18:40:09,65
02.04.2020 18:40:24,65
02.04.2020 18:40:39,65
02.04.2020 18:40:54,76
02.04.2020 18:41:09,83
02.04.2020 18:41:24,84
02.04.2020 18:41:39,87
02.04.2020 18:41:54,84
02.04.2020 18:42:09,85
02.04.2020 18:42:24,85
02.04.2020 18:42:39,83
02.04.2020 18:42:54,87
02.04.2020 18:43:09,84
02.04.2020 18:43:24,81
02.04.2020 18:43:39,83
02.04.2020 18:43:54,84
02.04.2020 18:44:09,26
02.04.2020 18:44:24,7
02.04.2020 18:44:39,12
02.04.2020 18:44:54,17
02.04.2020 18:45:09,23
02.04.2020 18:45:24,17
02.04.2020 18:45:39,20
02.04.2020 18:45:54,23
02.04.2020 18:46:09,22
02.04.2020 18:46:24,63
02.04.2020 18:46:39,46
02.04.2020 18:46:54,39
02.04.2020 18:47:09,43
02.04.2020 18:47:24,41
02.04.2020 18:47:39,47
02.04.2020 18:47:54,51
02.04.2020 18:48:09,50
02.04.2020 18:48:24,48
02.04.2020 18:48:39,47
02.04.2020 18:48:54,48
02.04.2020 18:49:09,46
02.04.2020 18:49:24,47
02.04.2020 18:49:39,38
02.04.2020 18:49:54,37
02.04.2020 18:50:09,48
02.04.2020 18:50:24,55
02.04.2020 18:50:39,49
02.04.2020 18:50:54,49
02.04.2020 18:51:09,56
02.04.2020 18:51:24,55
02.04.2020 18:51:39,51
02.04.2020 18:51:54,51
02.04.2020 18:52:09,53
02.04.2020 18:52:24,52
02.04.2020 18:52:39,52
02.04.2020 18:52:54,55
02.04.2020 18:53:09,53
02.04.2020 18:53:24,52
02.04.2020 18:53:39,52
02.04.2020 18:53:54,45
02.04.2020 18:54:09,38
02.04.2020 18:54:24,36
02.04.2020 18:54:39,51
02.04.2020 18:54:54,52
02.04.2020 18:55:09,48
02.04.2020 18:55:24,48
02.04.2020 18:55:39,50
02.04.2020 18:55:54,50
02.04.2020 18:56:09,53
02.04.2020 18:56:24,54
02.04.2020 18:56:39,44
02.04.2020 18:56:54,43
02.04.2020 18:57:09,37
02.04.2020 18:57:24,41
02.04.2020 18:57:39,42
02.04.2020 18:57:54,53
02.04.2020 18:58:09,58
02.04.2020 18:58:24,60
02.04.2020 18:58:39,58
02.04.2020 18:58:54,54
02.04.2020 18:59:09,55
02.04.2020 18:59:24,54
02.04.2020 18:59:39,53
02.04.2020 18:59:54,54
02.04.2020 19:00:09,58
02.04.2020 19:00:24,52
02.04.2020 19:00:39,53
02.04.2020 19:00:54,61
02.04.2020 19:01:09,71
02.04.2020 19:01:24,70
02.04.2020 19:01:39,64
02.04.2020 19:01:54,68
02.04.2020 19:02:09,69
02.04.2020 19:02:24,67
02.04.2020 19:02:39,68
02.04.2020 19:02:54,57
02.04.2020 19:03:09,48
02.04.2020 19:03:24,48
02.04.2020 19:03:39,45
02.04.2020 19:03:54,45
02.04.2020 19:04:09,37
02.04.2020 19:04:24,35
02.04.2020 19:04:39,45
02.04.2020 19:04:54,50
02.04.2020 19:05:09,54
02.04.2020 19:05:24,51
02.04.2020 19:05:39,49
02.04.2020 19:05:54,51
02.04.2020 19:06:09,56
02.04.2020 19:06:24,48
02.04.2020 19:06:39,56
02.04.2020 19:06:54,49
02.04.2020 19:07:09,50
02.04.2020 19:07:24,39
02.04.2020 19:07:39,36
02.04.2020 19:07:54,49
02.04.2020 19:08:09,52
02.04.2020 19:08:24,53
02.04.2020 19:08:39,51
02.04.2020 19:08:54,50
02.04.2020 19:09:09,52
02.04.2020 19:09:24,56
02.04.2020 19:09:39,53
02.04.2020 19:09:54,49
02.04.2020 19:10:09,48
02.04.2020 19:10:24,46
02.04.2020 19:10:39,53
02.04.2020 19:10:54,58
02.04.2020 19:11:09,48
02.04.2020 19:11:24,48
02.04.2020 19:11:39,40
02.04.2020 19:11:54,37
02.04.2020 19:12:09,37
02.04.2020 19:12:24,46
02.04.2020 19:12:39,53
02.04.2020 19:12:54,54
02.04.2020 19:13:09,49
02.04.2020 19:13:24,48
02.04.2020 19:13:39,50
02.04.2020 19:13:54,46
02.04.2020 19:14:09,48
02.04.2020 19:14:24,48
02.04.2020 19:14:39,49
02.04.2020 19:14:54,48
02.04.2020 19:15:09,47
02.04.2020 19:15:24,49
02.04.2020 19:15:39,47
02.04.2020 19:15:54,47
02.04.2020 19:16:09,39
02.04.2020 19:16:24,35
02.04.2020 19:16:39,43
02.04.2020 19:16:54,50
02.04.2020 19:17:09,49
02.04.2020 19:17:24,52
02.04.2020 19:17:39,53
02.04.2020 19:17:54,52
02.04.2020 19:18:09,51
02.04.2020 19:18:24,48
02.04.2020 19:18:39,48
02.04.2020 19:18:54,47
02.04.2020 19:19:09,49
02.04.2020 19:19:24,52
02.04.2020 19:19:39,53
02.04.2020 19:19:54,28
02.04.2020 19:20:09,18
02.04.2020 19:20:24,14
02.04.2020 19:20:39,15
02.04.2020 19:20:54,13
02.04.2020 19:21:09,16
02.04.2020 19:21:24,16
02.04.2020 19:21:39,27
02.04.2020 19:21:54,12
02.04.2020 19:22:09,12
02.04.2020 19:22:24,5
02.04.2020 19:22:39,2
02.04.2020 19:22:54,7
02.04.2020 19:23:09,31
02.04.2020 19:23:24,18
02.04.2020 19:23:39,18
02.04.2020 19:23:54,21
02.04.2020 19:24:09,20
02.04.2020 19:24:24,20
02.04.2020 19:24:39,32
02.04.2020 19:24:54,18
02.04.2020 19:25:09,20
02.04.2020 19:25:24,19
02.04.2020 19:25:39,18
02.04.2020 19:25:54,19
02.04.2020 19:26:09,20
02.04.2020 19:26:24,22
02.04.2020 19:26:39,33
02.04.2020 19:26:54,53
02.04.2020 19:27:09,50
02.04.2020 19:27:24,37
02.04.2020 19:27:39,38
02.04.2020 19:27:54,63
02.04.2020 19:28:09,99
02.04.2020 19:28:24,99
02.04.2020 19:28:39,98
02.04.2020 19:28:54,30
02.04.2020 19:29:09,26
02.04.2020 19:29:24,32
02.04.2020 19:29:39,30
02.04.2020 19:29:54,32
02.04.2020 19:30:09,29
02.04.2020 19:30:24,34
02.04.2020 19:30:39,32
02.04.2020 19:30:54,50
02.04.2020 19:31:09,36
02.04.2020 19:31:24,26
02.04.2020 19:31:39,27
02.04.2020 19:31:54,31
02.04.2020 19:32:09,32
02.04.2020 19:32:24,29
02.04.2020 19:32:39,31
02.04.2020 19:32:54,31
02.04.2020 19:33:09,32
02.04.2020 19:33:24,27
02.04.2020 19:33:39,27
02.04.2020 19:33:54,29
02.04.2020 19:34:09,30
02.04.2020 19:34:24,29
02.04.2020 19:34:39,40
02.04.2020 19:34:54,34
02.04.2020 19:35:09,24
02.04.2020 19:35:24,26
02.04.2020 19:35:39,29
02.04.2020 19:35:54,45
02.04.2020 19:36:09,34
02.04.2020 19:36:24,32
02.04.2020 19:36:39,34
02.04.2020 19:36:54,32
02.04.2020 19:37:09,32
02.04.2020 19:37:24,29
02.04.2020 19:37:39,29
02.04.2020 19:37:54,32
02.04.2020 19:38:09,29
02.04.2020 19:38:24,28
02.04.2020 19:38:39,29
02.04.2020 19:38:54,29
02.04.2020 19:39:09,28
02.04.2020 19:39:24,31
02.04.2020 19:39:39,31
02.04.2020 19:39:54,30
02.04.2020 19:40:09,29
02.04.2020 19:40:24,37
02.04.2020 19:40:39,36
02.04.2020 19:40:54,35
02.04.2020 19:41:09,36
02.04.2020 19:41:24,37
02.04.2020 19:41:39,35
02.04.2020 19:41:54,28
02.04.2020 19:42:09,33
02.04.2020 19:42:24,33
02.04.2020 19:42:39,31
02.04.2020 19:42:54,31
02.04.2020 19:43:09,33
02.04.2020 19:43:24,28
02.04.2020 19:43:39,33
02.04.2020 19:43:54,34
02.04.2020 19:44:09,33
02.04.2020 19:44:24,35
02.04.2020 19:44:39,34
02.04.2020 19:44:54,35
02.04.2020 19:45:09,29
02.04.2020 19:45:24,34
02.04.2020 19:45:39,30
02.04.2020 19:45:54,33
02.04.2020 19:46:09,30
02.04.2020 19:46:24,34
02.04.2020 19:46:39,33
02.04.2020 19:46:54,30
02.04.2020 19:47:09,33
02.04.2020 19:47:24,29
02.04.2020 19:47:39,27
02.04.2020 19:47:54,34
02.04.2020 19:48:09,34
02.04.2020 19:48:24,32
02.04.2020 19:48:39,36
02.04.2020 19:48:54,38
02.04.2020 19:49:09,40
02.04.2020 19:49:24,33
02.04.2020 19:49:39,36
02.04.2020 19:49:54,33
02.04.2020 19:50:09,36
02.04.2020 19:50:24,38
02.04.2020 19:50:39,36
02.04.2020 19:50:54,34
02.04.2020 19:51:09,42
02.04.2020 19:51:24,36
02.04.2020 19:51:39,40
02.04.2020 19:51:54,36
02.04.2020 19:52:09,33
02.04.2020 19:52:24,35
02.04.2020 19:52:39,37
02.04.2020 19:52:54,39
02.04.2020 19:53:09,36
02.04.2020 19:53:24,42
02.04.2020 19:53:39,39
02.04.2020 19:53:54,39
02.04.2020 19:54:09,39
02.04.2020 19:54:24,36
02.04.2020 19:54:39,25
02.04.2020 19:54:54,28
02.04.2020 19:55:09,36
02.04.2020 19:55:24,31
02.04.2020 19:55:39,35
02.04.2020 19:55:54,35
02.04.2020 19:56:09,35
02.04.2020 19:56:24,40
02.04.2020 19:56:39,14
02.04.2020 19:56:54,23
02.04.2020 19:57:09,14
02.04.2020 19:57:24,10
02.04.2020 19:57:39,9
02.04.2020 19:57:54,30
02.04.2020 19:58:09,36
02.04.2020 19:58:24,38
02.04.2020 19:58:39,41
02.04.2020 19:58:54,43
02.04.2020 19:59:09,41
02.04.2020 19:59:24,47
02.04.2020 19:59:39,41
02.04.2020 19:59:54,32
02.04.2020 20:00:09,23
02.04.2020 20:00:24,23
02.04.2020 20:00:39,23
02.04.2020 20:00:54,17
02.04.2020 20:01:09,22
02.04.2020 20:01:24,37
02.04.2020 20:01:39,39
02.04.2020 20:01:54,39
02.04.2020 20:02:09,41
02.04.2020 20:02:24,44
02.04.2020 20:02:39,48
02.04.2020 20:02:54,39
02.04.2020 20:03:09,40
02.04.2020 20:03:24,43
02.04.2020 20:03:39,39
02.04.2020 20:03:54,39
02.04.2020 20:04:09,37
02.04.2020 20:04:24,45
02.04.2020 20:04:39,37
02.04.2020 20:04:54,42
02.04.2020 20:05:09,39
02.04.2020 20:05:24,43
02.04.2020 20:05:39,43
02.04.2020 20:05:54,44
02.04.2020 20:06:09,39
02.04.2020 20:06:24,40
02.04.2020 20:06:39,36
02.04.2020 20:06:54,41
02.04.2020 20:07:09,43
02.04.2020 20:07:24,41
02.04.2020 20:07:39,36
02.04.2020 20:07:54,39
02.04.2020 20:08:09,40
02.04.2020 20:08:24,45
02.04.2020 20:08:39,44
02.04.2020 20:08:54,40
02.04.2020 20:09:09,41
02.04.2020 20:09:24,47
02.04.2020 20:09:39,45
02.04.2020 20:09:54,41
02.04.2020 20:10:09,33
02.04.2020 20:10:24,36
02.04.2020 20:10:39,36
02.04.2020 20:10:54,37
02.04.2020 20:11:09,43
02.04.2020 20:11:24,39
02.04.2020 20:11:39,39
02.04.2020 20:11:54,37
02.04.2020 20:12:09,40
02.04.2020 20:12:24,40
02.04.2020 20:12:39,39
02.04.2020 20:12:54,40
02.04.2020 20:13:09,35
02.04.2020 20:13:24,35
02.04.2020 20:13:39,35
02.04.2020 20:13:54,36
02.04.2020 20:14:09,40
02.04.2020 20:14:24,38
02.04.2020 20:14:39,37
02.04.2020 20:14:54,39
02.04.2020 20:15:09,38
02.04.2020 20:15:24,40
02.04.2020 20:15:39,39
02.04.2020 20:15:54,40
02.04.2020 20:16:09,39
02.04.2020 20:16:24,37
02.04.2020 20:16:39,38
02.04.2020 20:16:54,36
02.04.2020 20:17:09,33
02.04.2020 20:17:24,34
02.04.2020 20:17:39,37
02.04.2020 20:17:54,37
02.04.2020 20:18:09,39
02.04.2020 20:18:24,40
02.04.2020 20:18:39,41
02.04.2020 20:18:54,39
02.04.2020 20:19:09,38
02.04.2020 20:19:24,41
02.04.2020 20:19:39,43
02.04.2020 20:19:54,38
02.04.2020 20:20:09,37
02.04.2020 20:20:24,39
02.04.2020 20:20:39,35
02.04.2020 20:20:54,35
02.04.2020 20:21:09,43
02.04.2020 20:21:24,38
02.04.2020 20:21:39,40
02.04.2020 20:21:54,39
02.04.2020 20:22:09,41
02.04.2020 20:22:24,41
02.04.2020 20:22:39,42
02.04.2020 20:22:54,39
02.04.2020 20:23:09,38
02.04.2020 20:23:24,33
02.04.2020 20:23:39,35
02.04.2020 20:23:54,39
02.04.2020 20:24:09,45
02.04.2020 20:24:24,39
02.04.2020 20:24:39,38
02.04.2020 20:24:54,38
02.04.2020 20:25:09,32
02.04.2020 20:25:24,38
02.04.2020 20:25:39,37
02.04.2020 20:25:54,40
02.04.2020 20:26:09,37
02.04.2020 20:26:24,37
02.04.2020 20:26:39,36
02.04.2020 20:26:54,33
02.04.2020 20:27:09,38
02.04.2020 20:27:24,41
02.04.2020 20:27:39,42
02.04.2020 20:27:54,17
02.04.2020 20:28:09,9
02.04.2020 20:28:24,39
02.04.2020 20:28:39,41
02.04.2020 20:28:54,44
02.04.2020 20:29:09,41
02.04.2020 20:29:24,41
02.04.2020 20:29:39,45
02.04.2020 20:29:54,41
02.04.2020 20:30:09,37
02.04.2020 20:30:24,38
02.04.2020 20:30:39,40
02.04.2020 20:30:54,43
02.04.2020 20:31:09,37
02.04.2020 20:31:24,39
02.04.2020 20:31:39,38
02.04.2020 20:31:54,45
02.04.2020 20:32:09,42
02.04.2020 20:32:24,43
02.04.2020 20:32:39,37
02.04.2020 20:32:54,40
02.04.2020 20:33:09,36
02.04.2020 20:33:24,41
02.04.2020 20:33:39,42
02.04.2020 20:33:54,44
02.04.2020 20:34:09,43
02.04.2020 20:34:24,39
02.04.2020 20:34:39,39
02.04.2020 20:34:54,40
02.04.2020 20:35:09,43
02.04.2020 20:35:24,44
02.04.2020 20:35:39,46
02.04.2020 20:35:54,35
02.04.2020 20:36:09,47
02.04.2020 20:36:24,37
02.04.2020 20:36:39,27
02.04.2020 20:36:55,27
02.04.2020 20:37:10,15
02.04.2020 20:37:25,15
02.04.2020 20:37:40,13
02.04.2020 20:37:55,14
02.04.2020 20:38:10,14
02.04.2020 20:38:25,16
02.04.2020 20:38:40,14
02.04.2020 20:38:55,12
02.04.2020 20:39:10,14
02.04.2020 20:39:25,16
02.04.2020 20:39:40,13
02.04.2020 20:39:55,15
02.04.2020 20:40:10,13
02.04.2020 20:40:25,17
02.04.2020 20:40:40,14
02.04.2020 20:40:55,15
02.04.2020 20:41:10,16
02.04.2020 20:41:25,16
02.04.2020 20:41:40,22
02.04.2020 20:41:55,34
02.04.2020 20:42:10,50
02.04.2020 20:42:25,51
02.04.2020 20:42:40,41
02.04.2020 20:42:55,40
02.04.2020 20:43:10,39
02.04.2020 20:43:25,35
02.04.2020 20:43:40,20
02.04.2020 20:43:55,13
02.04.2020 20:44:10,8
02.04.2020 20:44:25,6
02.04.2020 20:44:40,20
02.04.2020 20:44:55,16
02.04.2020 20:45:10,17
02.04.2020 20:45:25,13
02.04.2020 20:45:40,14
02.04.2020 20:45:55,8
02.04.2020 20:46:10,5
02.04.2020 20:46:25,6
02.04.2020 20:46:40,6
02.04.2020 20:46:55,15
02.04.2020 20:47:10,8
02.04.2020 20:47:25,11
02.04.2020 20:47:40,12
02.04.2020 20:47:55,10
02.04.2020 20:48:10,19
02.04.2020 20:48:25,37
02.04.2020 20:48:40,21
02.04.2020 20:48:55,29
02.04.2020 20:49:10,19
02.04.2020 20:49:25,31
02.04.2020 20:49:40,20
02.04.2020 20:49:55,22
02.04.2020 20:50:10,15
02.04.2020 20:50:25,12
02.04.2020 20:50:40,9
02.04.2020 20:50:55,21
02.04.2020 20:51:10,25
02.04.2020 20:51:25,25
02.04.2020 20:51:40,22
02.04.2020 20:51:55,23
02.04.2020 20:52:10,20
02.04.2020 20:52:25,39
02.04.2020 20:52:40,32
02.04.2020 20:52:55,37
02.04.2020 20:53:10,39
02.04.2020 20:53:25,39
02.04.2020 20:53:40,37
02.04.2020 20:53:55,29
02.04.2020 20:54:10,35
02.04.2020 20:54:25,36
02.04.2020 20:54:40,44
02.04.2020 20:54:55,42
02.04.2020 20:55:10,40
02.04.2020 20:55:25,37
02.04.2020 20:55:40,40
02.04.2020 20:55:55,36
02.04.2020 20:56:10,41
02.04.2020 20:56:25,38
02.04.2020 20:56:40,38
02.04.2020 20:56:55,38
02.04.2020 20:57:10,41
02.04.2020 20:57:25,38
02.04.2020 20:57:40,36
02.04.2020 20:57:55,36
02.04.2020 20:58:10,39
02.04.2020 20:58:25,39
02.04.2020 20:58:40,37
02.04.2020 20:58:55,42
02.04.2020 20:59:10,38
02.04.2020 20:59:25,40
02.04.2020 20:59:40,38
02.04.2020 20:59:55,37
02.04.2020 21:00:10,38
02.04.2020 21:00:25,40
02.04.2020 21:00:40,39
02.04.2020 21:00:55,37
02.04.2020 21:01:10,36
02.04.2020 21:01:25,37
02.04.2020 21:01:40,38
02.04.2020 21:01:55,41
02.04.2020 21:02:10,37
02.04.2020 21:02:25,35
02.04.2020 21:02:40,37
02.04.2020 21:02:55,39
02.04.2020 21:03:10,40
02.04.2020 21:03:25,35
02.04.2020 21:03:40,36
02.04.2020 21:03:55,36
02.04.2020 21:04:10,38
02.04.2020 21:04:25,41
02.04.2020 21:04:40,38
02.04.2020 21:04:55,38
02.04.2020 21:05:10,37
02.04.2020 21:05:25,36
02.04.2020 21:05:40,41
02.04.2020 21:05:55,37
02.04.2020 21:06:10,34
02.04.2020 21:06:25,37
02.04.2020 21:06:40,37
02.04.2020 21:06:55,34
02.04.2020 21:07:10,41
02.04.2020 21:07:25,38
02.04.2020 21:07:40,39
02.04.2020 21:07:55,40
02.04.2020 21:08:10,41
02.04.2020 21:08:25,42
02.04.2020 21:08:40,39
02.04.2020 21:08:55,41
02.04.2020 21:09:10,41
02.04.2020 21:09:25,36
02.04.2020 21:09:40,40
02.04.2020 21:09:55,41
02.04.2020 21:10:10,42
02.04.2020 21:10:25,40
02.04.2020 21:10:40,48
02.04.2020 21:10:55,43
02.04.2020 21:11:10,38
02.04.2020 21:11:25,41
02.04.2020 21:11:40,39
02.04.2020 21:11:55,35
02.04.2020 21:12:10,37
02.04.2020 21:12:25,40
02.04.2020 21:12:40,42
02.04.2020 21:12:55,37
02.04.2020 21:13:10,41
02.04.2020 21:13:25,43
02.04.2020 21:13:40,43
02.04.2020 21:13:55,40
02.04.2020 21:14:10,41
02.04.2020 21:14:25,34
02.04.2020 21:14:40,42
02.04.2020 21:14:55,40
02.04.2020 21:15:10,36
02.04.2020 21:15:25,39
02.04.2020 21:15:40,39
02.04.2020 21:15:55,42
02.04.2020 21:16:10,43
02.04.2020 21:16:25,42
02.04.2020 21:16:40,37
02.04.2020 21:16:55,41
02.04.2020 21:17:10,38
02.04.2020 21:17:25,41
02.04.2020 21:17:40,41
02.04.2020 21:17:55,39
02.04.2020 21:18:10,35
02.04.2020 21:18:25,37
02.04.2020 21:18:40,38
02.04.2020 21:18:55,43
02.04.2020 21:19:10,35
02.04.2020 21:19:25,35
02.04.2020 21:19:40,35
02.04.2020 21:19:55,38
02.04.2020 21:20:10,36
02.04.2020 21:20:25,36
02.04.2020 21:20:40,39
02.04.2020 21:20:55,38
02.04.2020 21:21:10,42
02.04.2020 21:21:25,37
02.04.2020 21:21:40,36
02.04.2020 21:21:55,36
02.04.2020 21:22:10,41
02.04.2020 21:22:25,40
02.04.2020 21:22:40,39
02.04.2020 21:22:55,35
02.04.2020 21:23:10,38
02.04.2020 21:23:25,38
02.04.2020 21:23:40,40
02.04.2020 21:23:55,38
02.04.2020 21:24:10,32
02.04.2020 21:24:25,34
02.04.2020 21:24:40,42
02.04.2020 21:24:55,41
02.04.2020 21:25:10,41
02.04.2020 21:25:25,38
02.04.2020 21:25:40,39
02.04.2020 21:25:55,37
02.04.2020 21:26:10,42
02.04.2020 21:26:25,43
02.04.2020 21:26:40,35
02.04.2020 21:26:55,36
02.04.2020 21:27:10,39
02.04.2020 21:27:25,42
02.04.2020 21:27:40,40
02.04.2020 21:27:55,35
02.04.2020 21:28:10,36
02.04.2020 21:28:25,41
02.04.2020 21:28:40,39
02.04.2020 21:28:55,36
02.04.2020 21:29:10,39
02.04.2020 21:29:25,31
02.04.2020 21:29:40,38
02.04.2020 21:29:55,42
02.04.2020 21:30:10,40
02.04.2020 21:30:25,43
02.04.2020 21:30:40,40
02.04.2020 21:30:55,39
02.04.2020 21:31:10,42
02.04.2020 21:31:25,38
02.04.2020 21:31:40,38
02.04.2020 21:31:55,40
02.04.2020 21:32:10,37
02.04.2020 21:32:25,34
02.04.2020 21:32:40,42
02.04.2020 21:32:55,38
02.04.2020 21:33:10,35
02.04.2020 21:33:25,37
02.04.2020 21:33:40,42
02.04.2020 21:33:55,40
02.04.2020 21:34:10,38
02.04.2020 21:34:25,39
02.04.2020 21:34:40,44
02.04.2020 21:34:55,42
02.04.2020 21:35:10,42
02.04.2020 21:35:25,39
02.04.2020 21:35:40,42
02.04.2020 21:35:55,41
02.04.2020 21:36:10,41
02.04.2020 21:36:25,39
02.04.2020 21:36:40,22
02.04.2020 21:36:55,10
02.04.2020 21:37:10,1
02.04.2020 21:37:25,0
02.04.2020 21:37:40,0
02.04.2020 21:37:55,0
02.04.2020 21:38:10,0
02.04.2020 21:38:25,1
02.04.2020 21:38:40,1
02.04.2020 21:38:55,1
02.04.2020 21:39:10,0
02.04.2020 21:39:25,10
02.04.2020 21:39:40,22
02.04.2020 21:39:55,12
02.04.2020 21:40:10,25
02.04.2020 21:40:25,7
02.04.2020 21:40:40,15
02.04.2020 21:40:55,12
02.04.2020 21:41:10,6
02.04.2020 21:41:25,8
02.04.2020 21:41:40,12
02.04.2020 21:41:55,2
02.04.2020 21:42:10,3
02.04.2020 21:42:25,2
02.04.2020 21:42:40,2
02.04.2020 21:42:55,6
02.04.2020 21:43:10,9
02.04.2020 21:43:25,11
02.04.2020 21:43:40,5
02.04.2020 21:43:55,4
02.04.2020 21:44:10,4
02.04.2020 21:44:25,4
02.04.2020 21:44:40,2
02.04.2020 21:44:55,0
02.04.2020 21:45:10,1
02.04.2020 21:45:25,1
02.04.2020 21:45:40,5
02.04.2020 21:45:55,16
02.04.2020 21:46:10,10
02.04.2020 21:46:25,9
02.04.2020 21:46:40,7
02.04.2020 21:46:55,4
02.04.2020 21:47:10,9
02.04.2020 21:47:25,16
02.04.2020 21:47:40,18
02.04.2020 21:47:55,19
02.04.2020 21:48:10,29
02.04.2020 21:48:25,6
02.04.2020 21:48:40,1
02.04.2020 21:48:55,2
02.04.2020 21:49:10,5
02.04.2020 21:49:25,14
02.04.2020 21:49:40,11
02.04.2020 21:49:55,4
02.04.2020 21:50:10,4
02.04.2020 21:50:25,13
02.04.2020 21:50:40,1
02.04.2020 21:50:55,0
02.04.2020 21:51:10,7
02.04.2020 21:51:25,7
02.04.2020 21:51:40,18
02.04.2020 21:51:55,26
02.04.2020 21:52:10,30
02.04.2020 21:52:25,6
02.04.2020 21:52:40,1
02.04.2020 21:52:55,0
02.04.2020 21:53:10,1
02.04.2020 21:53:25,0
02.04.2020 21:53:40,1
02.04.2020 21:53:55,1
02.04.2020 21:54:10,8
02.04.2020 21:54:25,10
02.04.2020 21:54:40,2
02.04.2020 21:54:55,1
02.04.2020 21:55:10,1
02.04.2020 21:55:25,1
02.04.2020 21:55:40,3
02.04.2020 21:55:55,11
02.04.2020 21:56:10,14
02.04.2020 21:56:25,12
02.04.2020 21:56:40,12
02.04.2020 21:56:55,3
02.04.2020 21:57:10,1
02.04.2020 21:57:25,1
02.04.2020 21:57:40,0